frame,body,min_z,x,y,z
1326,0,96.264232,3732.162471,308.389333,99.883055
1326,1,93.885196,3730.975433,536.034347,101.061739
1326,2,105.571767,3733.229493,765.716363,109.200769
1326,3,102.901195,3733.691684,990.662895,110.094128
1327,0,89.718636,3733.440094,306.271268,95.882696
1327,1,86.601964,3730.145750,530.460723,98.925592
1327,2,98.896105,3734.353978,763.771184,105.080930
1327,3,95.028836,3735.335636,980.962905,107.383561
1328,0,80.961939,3734.515105,304.440720,89.789180
1328,1,77.339824,3728.966254,525.608038,94.626228
1328,2,90.015132,3735.276871,762.109812,98.866570
1328,3,85.192464,3736.615919,972.002272,102.510298
1329,0,70.055344,3735.434401,302.917447,81.593452
1329,1,66.348480,3727.616542,521.515572,88.109403
1329,2,78.989708,3736.044518,760.751921,90.548822
1329,3,73.640840,3737.711264,963.820253,95.420355
1330,0,57.057480,3736.245704,301.712501,71.286742
1330,1,53.838201,3726.275895,518.174554,79.329204
1330,2,65.878025,3736.704118,759.708563,80.119146
1330,3,60.582735,3738.800217,956.408348,86.068193
1331,0,42.023393,3736.996285,300.828524,58.861078
1331,1,39.970672,3725.112228,515.532485,68.250923
1331,2,50.734604,3737.302458,758.982535,67.569822
1331,3,46.177935,3740.050158,949.714639,74.419547
1332,0,25.003700,3737.731800,300.260448,44.309687
1332,1,24.853773,3724.272853,513.499804,54.852942
1332,2,33.609484,3737.884765,758.568980,52.894348
1332,3,30.532177,3741.608107,943.650329,60.453277
1333,0,6.043982,3738.495289,299.996134,27.627354
1333,1,8.540140,3723.877418,511.958091,39.127637
1333,2,14.547660,3738.493720,758.456067,36.087789
1333,3,13.695893,3743.593678,938.097858,44.162235
1334,0,-0.999964,3733.481396,299.604398,15.795423
1334,1,-0.958135,3721.484841,511.875597,23.076599
1334,2,-1.000004,3737.105461,758.042323,19.545001
1334,3,-0.753731,3744.990841,933.489235,26.341924
1335,0,-0.510413,3729.448500,300.255405,13.704767
1335,1,-0.999988,3717.536199,514.813734,8.979384
1335,2,-1.000001,3730.884342,757.973179,12.012243
1335,3,-0.999991,3743.566624,932.768302,10.646727
1336,0,0.423686,3727.008437,297.751398,12.121802
1336,1,-0.881276,3715.272509,515.042251,4.178590
1336,2,1.515115,3729.497547,758.316063,11.925528
1336,3,-0.845894,3743.125320,932.404036,4.341535
1337,0,0.514220,3727.076874,295.077229,14.578804
1337,1,-0.172093,3714.084644,510.908140,4.882496
1337,2,3.395998,3730.356901,757.815339,11.118128
1337,3,-0.734039,3742.790810,926.793224,6.479698
1338,0,1.170789,3728.337857,291.714223,16.663346
1338,1,-0.526629,3713.327868,505.211096,4.793069
1338,2,3.108797,3732.292232,757.063745,8.304149
1338,3,-1.000027,3742.167058,918.902572,9.103022
1339,0,0.868799,3730.039837,287.859309,16.226915
1339,1,-0.394540,3712.766397,499.171024,5.631522
1339,2,-0.449586,3734.836808,755.378453,4.946696
1339,3,-1.000019,3741.507404,913.573818,10.774300
1340,0,-1.000002,3732.177612,285.539807,15.504300
1340,1,-1.000001,3713.047438,495.300575,6.507993
1340,2,-0.999928,3736.684476,752.948826,6.545508
1340,3,-0.999988,3741.178250,909.183560,10.140625
1341,0,-0.999980,3733.465046,286.681370,16.960401
1341,1,-0.999963,3713.217094,491.719430,4.698400
1341,2,-1.004431,3738.020053,751.283314,10.355651
1341,3,-0.999997,3741.654801,905.948635,7.698960
1342,0,-0.999981,3733.453486,288.573763,17.637620
1342,1,-1.000015,3712.585171,489.938006,5.749024
1342,2,-1.044429,3739.403707,749.109061,13.425160
1342,3,-0.999993,3742.737390,904.282515,6.114692
1343,0,-0.999998,3732.598146,290.131203,16.591042
1343,1,-1.011964,3712.158433,489.321920,5.977571
1343,2,-0.999987,3740.686463,746.015994,16.206723
1343,3,-0.999985,3743.685942,903.641057,4.969645
1344,0,-0.999977,3731.436676,290.598179,15.441294
1344,1,-1.000015,3712.313941,489.346280,5.600528
1344,2,-0.999998,3740.853225,742.533806,17.789799
1344,3,-1.028085,3744.495147,903.863277,4.834139
1345,0,-0.999943,3730.420784,290.725932,14.660167
1345,1,-1.000016,3712.842381,489.546088,4.963716
1345,2,-0.999946,3739.537267,739.925778,17.222604
1345,3,-1.000007,3744.739850,903.857061,4.930688
1346,0,-1.000025,3729.667881,291.081159,14.270538
1346,1,-1.015382,3713.147989,489.670407,4.737188
1346,2,-0.997818,3737.654653,736.057274,15.966488
1346,3,-0.999981,3744.492162,903.728962,5.115445
1347,0,-1.000051,3729.815974,290.973966,14.312306
1347,1,-1.042878,3713.211923,489.701950,4.703957
1347,2,-1.009846,3735.514742,734.443335,15.314808
1347,3,-1.000003,3744.455396,903.715622,5.135282
1348,0,-1.000012,3730.173027,290.895995,14.529961
1348,1,-1.000019,3713.028094,489.637981,4.962614
1348,2,-0.739166,3734.647174,734.774279,15.257548
1348,3,-1.000024,3744.514899,903.735578,5.100658
1349,0,-1.000026,3730.735752,290.767807,14.857404
1349,1,-0.999992,3712.734606,489.529306,5.172111
1349,2,-0.999970,3734.767008,735.678345,14.590889
1349,3,-1.000022,3744.513158,903.734806,5.100781
1350,0,-0.999987,3731.314556,290.818156,15.286356
1350,1,-0.999991,3712.802374,489.542028,5.106834
1350,2,-1.000009,3735.333466,736.173950,14.602029
1350,3,-1.000022,3744.513158,903.734806,5.100781
1351,0,-0.999958,3731.551341,291.002566,15.529474
1351,1,-0.999997,3712.822436,489.550243,5.102835
1351,2,-0.999989,3735.843586,735.720975,14.990928
1351,3,-1.000022,3744.513158,903.734806,5.100781
1352,0,-1.000004,3731.547730,291.000036,15.521530
1352,1,-1.000015,3712.825321,489.550741,5.100788
1352,2,-0.999986,3736.348934,735.664476,15.411040
1352,3,-1.000022,3744.513158,903.734806,5.100781
1353,0,-0.999990,3731.308808,290.808736,15.263561
1353,1,-1.000015,3712.825321,489.550741,5.100788
1353,2,-0.999991,3736.563289,735.695545,15.582226
1353,3,-1.000022,3744.513158,903.734806,5.100781
1354,0,-1.000029,3730.871473,290.714353,14.917736
1354,1,-1.000015,3712.825321,489.550741,5.100788
1354,2,-1.000005,3736.476139,735.681003,15.506738
1354,3,-1.000022,3744.513158,903.734806,5.100781
1355,0,-1.000043,3730.546119,290.801070,14.731153
1355,1,-1.000015,3712.825321,489.550741,5.100788
1355,2,-1.000007,3736.093508,735.616781,15.179032
1355,3,-1.000022,3744.513158,903.734806,5.100781
1356,0,-1.000032,3730.432284,290.828219,14.671040
1356,1,-1.000015,3712.825321,489.550741,5.100788
1356,2,-1.000008,3735.702156,735.827780,14.873528
1356,3,-1.000022,3744.513158,903.734806,5.100781
1357,0,-0.999993,3730.532775,290.808189,14.730174
1357,1,-1.000015,3712.825321,489.550741,5.100788
1357,2,-0.999997,3735.492749,736.032375,14.712789
1357,3,-1.000022,3744.513158,903.734806,5.100781
1358,0,-1.000004,3730.825015,290.738617,14.904716
1358,1,-1.000015,3712.825321,489.550741,5.100788
1358,2,-0.999978,3735.442920,736.079170,14.678869
1358,3,-1.000022,3744.513158,903.734806,5.100781
1359,0,-0.999977,3731.206454,290.731001,15.165842
1359,1,-1.000015,3712.825321,489.550741,5.100788
1359,2,-1.000020,3735.555139,735.979497,14.764898
1359,3,-1.000022,3744.513158,903.734806,5.100781
1360,0,-1.000007,3731.296097,290.799557,15.257567
1360,1,-1.000015,3712.825321,489.550741,5.100788
1360,2,-1.000000,3735.803530,735.751739,14.959527
1360,3,-1.000022,3744.513158,903.734806,5.100781
1361,0,-1.000027,3731.145199,290.677441,15.086961
1361,1,-1.000015,3712.825321,489.550741,5.100788
1361,2,-0.999979,3736.106371,735.633731,15.204916
1361,3,-1.000022,3744.513158,903.734806,5.100781
1362,0,-0.999991,3730.922045,290.707166,14.952464
1362,1,-1.000015,3712.825321,489.550741,5.100788
1362,2,-0.999978,3736.136620,735.636920,15.225992
1362,3,-1.000022,3744.513158,903.734806,5.100781
1363,0,-0.999971,3730.874800,290.724330,14.928823
1363,1,-1.000015,3712.825321,489.550741,5.100788
1363,2,-1.000025,3735.896760,735.645222,15.023039
1363,3,-1.000022,3744.513158,903.734806,5.100781
1364,0,-1.000030,3731.003047,290.697416,15.004750
1364,1,-1.000015,3712.825321,489.550741,5.100788
1364,2,-0.999989,3735.758119,735.780317,14.920405
1364,3,-1.000022,3744.513158,903.734806,5.100781
1365,0,-0.999989,3731.163979,290.710867,15.120695
1365,1,-1.000015,3712.825321,489.550741,5.100788
1365,2,-1.000015,3735.753251,735.792972,14.917370
1365,3,-1.000022,3744.513158,903.734806,5.100781
1366,0,-1.000002,3731.083050,290.678093,15.046738
1366,1,-1.000015,3712.825321,489.550741,5.100788
1366,2,-1.000023,3735.879462,735.682250,15.013394
1366,3,-1.000022,3744.513158,903.734806,5.100781
1367,0,-1.000035,3731.094601,290.680533,15.056542
1367,1,-1.000015,3712.825321,489.550741,5.100788
1367,2,-1.000021,3736.013580,735.624948,15.119418
1367,3,-1.000022,3744.513158,903.734806,5.100781
1368,0,-1.000001,3731.108349,290.677060,15.063708
1368,1,-1.000015,3712.825321,489.550741,5.100788
1368,2,-1.000006,3735.928724,735.634793,15.047622
1368,3,-1.000022,3744.513158,903.734806,5.100781
1369,0,-1.000021,3731.108376,290.676929,15.063687
1369,1,-1.000015,3712.825321,489.550741,5.100788
1369,2,-1.000018,3735.951711,735.620838,15.064815
1369,3,-1.000022,3744.513158,903.734806,5.100781
1370,0,-1.000021,3731.108376,290.676929,15.063687
1370,1,-1.000015,3712.825321,489.550741,5.100788
1370,2,-1.000021,3735.949659,735.620359,15.063689
1370,3,-1.000022,3744.513158,903.734806,5.100781
1371,0,-1.000021,3731.108376,290.676929,15.063687
1371,1,-1.000015,3712.825321,489.550741,5.100788
1371,2,-1.000021,3735.949659,735.620359,15.063689
1371,3,-1.000022,3744.513158,903.734806,5.100781
1372,0,-1.000021,3731.108376,290.676929,15.063687
1372,1,-1.000015,3712.825321,489.550741,5.100788
1372,2,-1.000021,3735.949659,735.620359,15.063689
1372,3,-1.000022,3744.513158,903.734806,5.100781
1373,0,-1.000021,3731.108376,290.676929,15.063687
1373,1,-1.000015,3712.825321,489.550741,5.100788
1373,2,-1.000021,3735.949659,735.620359,15.063689
1373,3,-1.000022,3744.513158,903.734806,5.100781
1374,0,-1.000021,3731.108376,290.676929,15.063687
1374,1,-1.000015,3712.825321,489.550741,5.100788
1374,2,-1.000021,3735.949659,735.620359,15.063689
1374,3,-1.000022,3744.513158,903.734806,5.100781
1375,0,-1.000021,3731.108376,290.676929,15.063687
1375,1,-1.000015,3712.825321,489.550741,5.100788
1375,2,-1.000021,3735.949659,735.620359,15.063689
1375,3,-1.000022,3744.513158,903.734806,5.100781
1376,0,-1.000021,3731.108376,290.676929,15.063687
1376,1,-1.000015,3712.825321,489.550741,5.100788
1376,2,-1.000021,3735.949659,735.620359,15.063689
1376,3,-1.000022,3744.513158,903.734806,5.100781
1377,0,-1.000021,3731.108376,290.676929,15.063687
1377,1,-1.000015,3712.825321,489.550741,5.100788
1377,2,-1.000021,3735.949659,735.620359,15.063689
1377,3,-1.000022,3744.513158,903.734806,5.100781
1378,0,-1.000021,3731.108376,290.676929,15.063687
1378,1,-1.000015,3712.825321,489.550741,5.100788
1378,2,-1.000021,3735.949659,735.620359,15.063689
1378,3,-1.000022,3744.513158,903.734806,5.100781
1379,0,-1.000021,3731.108376,290.676929,15.063687
1379,1,-1.000015,3712.825321,489.550741,5.100788
1379,2,-1.000021,3735.949659,735.620359,15.063689
1379,3,-1.000022,3744.513158,903.734806,5.100781
1380,0,-1.000021,3731.108376,290.676929,15.063687
1380,1,-1.000015,3712.825321,489.550741,5.100788
1380,2,-1.000021,3735.949659,735.620359,15.063689
1380,3,-1.000022,3744.513158,903.734806,5.100781
1381,0,-1.000021,3731.108376,290.676929,15.063687
1381,1,-1.000015,3712.825321,489.550741,5.100788
1381,2,-1.000021,3735.949659,735.620359,15.063689
1381,3,-1.000022,3744.513158,903.734806,5.100781
1382,0,-1.000021,3731.108376,290.676929,15.063687
1382,1,-1.000015,3712.825321,489.550741,5.100788
1382,2,-1.000021,3735.949659,735.620359,15.063689
1382,3,-1.000022,3744.513158,903.734806,5.100781
1383,0,-1.000021,3731.108376,290.676929,15.063687
1383,1,-1.000015,3712.825321,489.550741,5.100788
1383,2,-1.000021,3735.949659,735.620359,15.063689
1383,3,-1.000022,3744.513158,903.734806,5.100781
1384,0,-1.000021,3731.108376,290.676929,15.063687
1384,1,-1.000015,3712.825321,489.550741,5.100788
1384,2,-1.000021,3735.949659,735.620359,15.063689
1384,3,-1.000022,3744.513158,903.734806,5.100781
1385,0,-1.000021,3731.108376,290.676929,15.063687
1385,1,-1.000015,3712.825321,489.550741,5.100788
1385,2,-1.000021,3735.949659,735.620359,15.063689
1385,3,-1.000022,3744.513158,903.734806,5.100781
1386,0,-1.000021,3731.108376,290.676929,15.063687
1386,1,-1.000015,3712.825321,489.550741,5.100788
1386,2,-1.000021,3735.949659,735.620359,15.063689
1386,3,-1.000022,3744.513158,903.734806,5.100781
1387,0,-1.000021,3731.108376,290.676929,15.063687
1387,1,-1.000015,3712.825321,489.550741,5.100788
1387,2,-1.000021,3735.949659,735.620359,15.063689
1387,3,-1.000022,3744.513158,903.734806,5.100781
1388,0,-1.000021,3731.108376,290.676929,15.063687
1388,1,-1.000015,3712.825321,489.550741,5.100788
1388,2,-1.000021,3735.949659,735.620359,15.063689
1388,3,-1.000022,3744.513158,903.734806,5.100781
1389,0,-1.000021,3731.108376,290.676929,15.063687
1389,1,-1.000015,3712.825321,489.550741,5.100788
1389,2,-1.000021,3735.949659,735.620359,15.063689
1389,3,-1.000022,3744.513158,903.734806,5.100781
1390,0,-1.000021,3731.108376,290.676929,15.063687
1390,1,-1.000015,3712.825321,489.550741,5.100788
1390,2,-1.000021,3735.949659,735.620359,15.063689
1390,3,-1.000022,3744.513158,903.734806,5.100781
1391,0,-1.000021,3731.108376,290.676929,15.063687
1391,1,-1.000015,3712.825321,489.550741,5.100788
1391,2,-1.000021,3735.949659,735.620359,15.063689
1391,3,-1.000022,3744.513158,903.734806,5.100781
1392,0,-1.000021,3731.108376,290.676929,15.063687
1392,1,-1.000015,3712.825321,489.550741,5.100788
1392,2,-1.000021,3735.949659,735.620359,15.063689
1392,3,-1.000022,3744.513158,903.734806,5.100781
1393,0,-1.000021,3731.108376,290.676929,15.063687
1393,1,-1.000015,3712.825321,489.550741,5.100788
1393,2,-1.000021,3735.949659,735.620359,15.063689
1393,3,-1.000022,3744.513158,903.734806,5.100781
1394,0,-1.000021,3731.108376,290.676929,15.063687
1394,1,-1.000015,3712.825321,489.550741,5.100788
1394,2,-1.000021,3735.949659,735.620359,15.063689
1394,3,-1.000022,3744.513158,903.734806,5.100781
1395,0,-1.000021,3731.108376,290.676929,15.063687
1395,1,-1.000015,3712.825321,489.550741,5.100788
1395,2,-1.000021,3735.949659,735.620359,15.063689
1395,3,-1.000022,3744.513158,903.734806,5.100781
1396,0,-1.000021,3731.108376,290.676929,15.063687
1396,1,-1.000015,3712.825321,489.550741,5.100788
1396,2,-1.000021,3735.949659,735.620359,15.063689
1396,3,-1.000022,3744.513158,903.734806,5.100781
1397,0,-1.000021,3731.108376,290.676929,15.063687
1397,1,-1.000015,3712.825321,489.550741,5.100788
1397,2,-1.000021,3735.949659,735.620359,15.063689
1397,3,-1.000022,3744.513158,903.734806,5.100781
1398,0,-1.000021,3731.108376,290.676929,15.063687
1398,1,-1.000015,3712.825321,489.550741,5.100788
1398,2,-1.000021,3735.949659,735.620359,15.063689
1398,3,-1.000022,3744.513158,903.734806,5.100781
1399,0,-1.000021,3731.108376,290.676929,15.063687
1399,1,-1.000015,3712.825321,489.550741,5.100788
1399,2,-1.000021,3735.949659,735.620359,15.063689
1399,3,-1.000022,3744.513158,903.734806,5.100781
1400,0,-1.000021,3731.108376,290.676929,15.063687
1400,1,-1.000015,3712.825321,489.550741,5.100788
1400,2,-1.000021,3735.949659,735.620359,15.063689
1400,3,-1.000022,3744.513158,903.734806,5.100781
1401,0,-1.000021,3731.108376,290.676929,15.063687
1401,1,-1.000015,3712.825321,489.550741,5.100788
1401,2,-1.000021,3735.949659,735.620359,15.063689
1401,3,-1.000022,3744.513158,903.734806,5.100781
1402,0,-1.000021,3731.108376,290.676929,15.063687
1402,1,-1.000015,3712.825321,489.550741,5.100788
1402,2,-1.000021,3735.949659,735.620359,15.063689
1402,3,-1.000022,3744.513158,903.734806,5.100781
1403,0,-1.000021,3731.108376,290.676929,15.063687
1403,1,-1.000015,3712.825321,489.550741,5.100788
1403,2,-1.000021,3735.949659,735.620359,15.063689
1403,3,-1.000022,3744.513158,903.734806,5.100781
1404,0,-1.000021,3731.108376,290.676929,15.063687
1404,1,-1.000015,3712.825321,489.550741,5.100788
1404,2,-1.000021,3735.949659,735.620359,15.063689
1404,3,-1.000022,3744.513158,903.734806,5.100781
1405,0,-1.000021,3731.108376,290.676929,15.063687
1405,1,-1.000015,3712.825321,489.550741,5.100788
1405,2,-1.000021,3735.949659,735.620359,15.063689
1405,3,-1.000022,3744.513158,903.734806,5.100781
1406,0,-1.000021,3731.108376,290.676929,15.063687
1406,1,-1.000015,3712.825321,489.550741,5.100788
1406,2,-1.000021,3735.949659,735.620359,15.063689
1406,3,-1.000022,3744.513158,903.734806,5.100781
1407,0,-1.000021,3731.108376,290.676929,15.063687
1407,1,-1.000015,3712.825321,489.550741,5.100788
1407,2,-1.000021,3735.949659,735.620359,15.063689
1407,3,-1.000022,3744.513158,903.734806,5.100781
1408,0,-1.000021,3731.108376,290.676929,15.063687
1408,1,-1.000015,3712.825321,489.550741,5.100788
1408,2,-1.000021,3735.949659,735.620359,15.063689
1408,3,-1.000022,3744.513158,903.734806,5.100781
1409,0,-1.000021,3731.108376,290.676929,15.063687
1409,1,-1.000015,3712.825321,489.550741,5.100788
1409,2,-1.000021,3735.949659,735.620359,15.063689
1409,3,-1.000022,3744.513158,903.734806,5.100781
1410,0,-1.000021,3731.108376,290.676929,15.063687
1410,1,-1.000015,3712.825321,489.550741,5.100788
1410,2,-1.000021,3735.949659,735.620359,15.063689
1410,3,-1.000022,3744.513158,903.734806,5.100781
1411,0,-1.000021,3731.108376,290.676929,15.063687
1411,1,-1.000015,3712.825321,489.550741,5.100788
1411,2,-1.000021,3735.949659,735.620359,15.063689
1411,3,-1.000022,3744.513158,903.734806,5.100781
1412,0,-1.000021,3731.108376,290.676929,15.063687
1412,1,-1.000015,3712.825321,489.550741,5.100788
1412,2,-1.000021,3735.949659,735.620359,15.063689
1412,3,-1.000022,3744.513158,903.734806,5.100781
1413,0,-1.000021,3731.108376,290.676929,15.063687
1413,1,-1.000015,3712.825321,489.550741,5.100788
1413,2,-1.000021,3735.949659,735.620359,15.063689
1413,3,-1.000022,3744.513158,903.734806,5.100781
1414,0,-1.000021,3731.108376,290.676929,15.063687
1414,1,-1.000015,3712.825321,489.550741,5.100788
1414,2,-1.000021,3735.949659,735.620359,15.063689
1414,3,-1.000022,3744.513158,903.734806,5.100781
1415,0,-1.000021,3731.108376,290.676929,15.063687
1415,1,-1.000015,3712.825321,489.550741,5.100788
1415,2,-1.000021,3735.949659,735.620359,15.063689
1415,3,-1.000022,3744.513158,903.734806,5.100781
1416,0,-1.000021,3731.108376,290.676929,15.063687
1416,1,-1.000015,3712.825321,489.550741,5.100788
1416,2,-1.000021,3735.949659,735.620359,15.063689
1416,3,-1.000022,3744.513158,903.734806,5.100781
1417,0,-1.000021,3731.108376,290.676929,15.063687
1417,1,-1.000015,3712.825321,489.550741,5.100788
1417,2,-1.000021,3735.949659,735.620359,15.063689
1417,3,-1.000022,3744.513158,903.734806,5.100781
1418,0,-1.000021,3731.108376,290.676929,15.063687
1418,1,-1.000015,3712.825321,489.550741,5.100788
1418,2,-1.000021,3735.949659,735.620359,15.063689
1418,3,-1.000022,3744.513158,903.734806,5.100781
1419,0,-1.000021,3731.108376,290.676929,15.063687
1419,1,-1.000015,3712.825321,489.550741,5.100788
1419,2,-1.000021,3735.949659,735.620359,15.063689
1419,3,-1.000022,3744.513158,903.734806,5.100781
1420,0,-1.000021,3731.108376,290.676929,15.063687
1420,1,-1.000015,3712.825321,489.550741,5.100788
1420,2,-1.000021,3735.949659,735.620359,15.063689
1420,3,-1.000022,3744.513158,903.734806,5.100781
1421,0,-1.000021,3731.108376,290.676929,15.063687
1421,1,-1.000015,3712.825321,489.550741,5.100788
1421,2,-1.000021,3735.949659,735.620359,15.063689
1421,3,-1.000022,3744.513158,903.734806,5.100781
1422,0,-1.000021,3731.108376,290.676929,15.063687
1422,1,-1.000015,3712.825321,489.550741,5.100788
1422,2,-1.000021,3735.949659,735.620359,15.063689
1422,3,-1.000022,3744.513158,903.734806,5.100781
1423,0,-1.000021,3731.108376,290.676929,15.063687
1423,1,-1.000015,3712.825321,489.550741,5.100788
1423,2,-1.000021,3735.949659,735.620359,15.063689
1423,3,-1.000022,3744.513158,903.734806,5.100781
1424,0,-1.000021,3731.108376,290.676929,15.063687
1424,1,-1.000015,3712.825321,489.550741,5.100788
1424,2,-1.000021,3735.949659,735.620359,15.063689
1424,3,-1.000022,3744.513158,903.734806,5.100781
1425,0,-1.000021,3731.108376,290.676929,15.063687
1425,1,-1.000015,3712.825321,489.550741,5.100788
1425,2,-1.000021,3735.949659,735.620359,15.063689
1425,3,-1.000022,3744.513158,903.734806,5.100781
1426,0,-1.000021,3731.108376,290.676929,15.063687
1426,1,-1.000015,3712.825321,489.550741,5.100788
1426,2,-1.000021,3735.949659,735.620359,15.063689
1426,3,-1.000022,3744.513158,903.734806,5.100781
1427,0,-1.000021,3731.108376,290.676929,15.063687
1427,1,-1.000015,3712.825321,489.550741,5.100788
1427,2,-1.000021,3735.949659,735.620359,15.063689
1427,3,-1.000022,3744.513158,903.734806,5.100781
1428,0,-1.000021,3731.108376,290.676929,15.063687
1428,1,-1.000015,3712.825321,489.550741,5.100788
1428,2,-1.000021,3735.949659,735.620359,15.063689
1428,3,-1.000022,3744.513158,903.734806,5.100781
1429,0,-1.000021,3731.108376,290.676929,15.063687
1429,1,-1.000015,3712.825321,489.550741,5.100788
1429,2,-1.000021,3735.949659,735.620359,15.063689
1429,3,-1.000022,3744.513158,903.734806,5.100781
1430,0,-1.000021,3731.108376,290.676929,15.063687
1430,1,-1.000015,3712.825321,489.550741,5.100788
1430,2,-1.000021,3735.949659,735.620359,15.063689
1430,3,-1.000022,3744.513158,903.734806,5.100781
1431,0,-1.000021,3731.108376,290.676929,15.063687
1431,1,-1.000015,3712.825321,489.550741,5.100788
1431,2,-1.000021,3735.949659,735.620359,15.063689
1431,3,-1.000022,3744.513158,903.734806,5.100781
1432,0,-1.000021,3731.108376,290.676929,15.063687
1432,1,-1.000015,3712.825321,489.550741,5.100788
1432,2,-1.000021,3735.949659,735.620359,15.063689
1432,3,-1.000022,3744.513158,903.734806,5.100781
1433,0,-1.000021,3731.108376,290.676929,15.063687
1433,1,-1.000015,3712.825321,489.550741,5.100788
1433,2,-1.000021,3735.949659,735.620359,15.063689
1433,3,-1.000022,3744.513158,903.734806,5.100781
1434,0,-1.000021,3731.108376,290.676929,15.063687
1434,1,-1.000015,3712.825321,489.550741,5.100788
1434,2,-1.000021,3735.949659,735.620359,15.063689
1434,3,-1.000022,3744.513158,903.734806,5.100781
1435,0,-1.000021,3731.108376,290.676929,15.063687
1435,1,-1.000015,3712.825321,489.550741,5.100788
1435,2,-1.000021,3735.949659,735.620359,15.063689
1435,3,-1.000022,3744.513158,903.734806,5.100781
1436,0,-1.000021,3731.108376,290.676929,15.063687
1436,1,-1.000015,3712.825321,489.550741,5.100788
1436,2,-1.000021,3735.949659,735.620359,15.063689
1436,3,-1.000022,3744.513158,903.734806,5.100781
1437,0,-1.000021,3731.108376,290.676929,15.063687
1437,1,-1.000015,3712.825321,489.550741,5.100788
1437,2,-1.000021,3735.949659,735.620359,15.063689
1437,3,-1.000022,3744.513158,903.734806,5.100781
1438,0,-1.000021,3731.108376,290.676929,15.063687
1438,1,-1.000015,3712.825321,489.550741,5.100788
1438,2,-1.000021,3735.949659,735.620359,15.063689
1438,3,-1.000022,3744.513158,903.734806,5.100781
1439,0,-1.000021,3731.108376,290.676929,15.063687
1439,1,-1.000015,3712.825321,489.550741,5.100788
1439,2,-1.000021,3735.949659,735.620359,15.063689
1439,3,-1.000022,3744.513158,903.734806,5.100781
1440,0,-1.000021,3731.108376,290.676929,15.063687
1440,1,-1.000015,3712.825321,489.550741,5.100788
1440,2,-1.000021,3735.949659,735.620359,15.063689
1440,3,-1.000022,3744.513158,903.734806,5.100781
1441,0,-1.000021,3731.108376,290.676929,15.063687
1441,1,-1.000015,3712.825321,489.550741,5.100788
1441,2,-1.000021,3735.949659,735.620359,15.063689
1441,3,-1.000022,3744.513158,903.734806,5.100781
1442,0,-1.000021,3731.108376,290.676929,15.063687
1442,1,-1.000015,3712.825321,489.550741,5.100788
1442,2,-1.000021,3735.949659,735.620359,15.063689
1442,3,-1.000022,3744.513158,903.734806,5.100781
1443,0,-1.000021,3731.108376,290.676929,15.063687
1443,1,-1.000015,3712.825321,489.550741,5.100788
1443,2,-1.000021,3735.949659,735.620359,15.063689
1443,3,-1.000022,3744.513158,903.734806,5.100781
1444,0,-1.000021,3731.108376,290.676929,15.063687
1444,1,-1.000015,3712.825321,489.550741,5.100788
1444,2,-1.000021,3735.949659,735.620359,15.063689
1444,3,-1.000022,3744.513158,903.734806,5.100781
1445,0,-1.000021,3731.108376,290.676929,15.063687
1445,1,-1.000015,3712.825321,489.550741,5.100788
1445,2,-1.000021,3735.949659,735.620359,15.063689
1445,3,-1.000022,3744.513158,903.734806,5.100781
1446,0,-1.000021,3731.108376,290.676929,15.063687
1446,1,-1.000015,3712.825321,489.550741,5.100788
1446,2,-1.000021,3735.949659,735.620359,15.063689
1446,3,-1.000022,3744.513158,903.734806,5.100781
1447,0,-1.000021,3731.108376,290.676929,15.063687
1447,1,-1.000015,3712.825321,489.550741,5.100788
1447,2,-1.000021,3735.949659,735.620359,15.063689
1447,3,-1.000022,3744.513158,903.734806,5.100781
1448,0,-1.000021,3731.108376,290.676929,15.063687
1448,1,-1.000015,3712.825321,489.550741,5.100788
1448,2,-1.000021,3735.949659,735.620359,15.063689
1448,3,-1.000022,3744.513158,903.734806,5.100781
1449,0,-1.000021,3731.108376,290.676929,15.063687
1449,1,-1.000015,3712.825321,489.550741,5.100788
1449,2,-1.000021,3735.949659,735.620359,15.063689
1449,3,-1.000022,3744.513158,903.734806,5.100781
1450,0,-1.000021,3731.108376,290.676929,15.063687
1450,1,-1.000015,3712.825321,489.550741,5.100788
1450,2,-1.000021,3735.949659,735.620359,15.063689
1450,3,-1.000022,3744.513158,903.734806,5.100781
1451,0,-1.000021,3731.108376,290.676929,15.063687
1451,1,-1.000015,3712.825321,489.550741,5.100788
1451,2,-1.000021,3735.949659,735.620359,15.063689
1451,3,-1.000022,3744.513158,903.734806,5.100781
1452,0,-1.000021,3731.108376,290.676929,15.063687
1452,1,-1.000015,3712.825321,489.550741,5.100788
1452,2,-1.000021,3735.949659,735.620359,15.063689
1452,3,-1.000022,3744.513158,903.734806,5.100781
1453,0,-1.000021,3731.108376,290.676929,15.063687
1453,1,-1.000015,3712.825321,489.550741,5.100788
1453,2,-1.000021,3735.949659,735.620359,15.063689
1453,3,-1.000022,3744.513158,903.734806,5.100781
1454,0,-1.000021,3731.108376,290.676929,15.063687
1454,1,-1.000015,3712.825321,489.550741,5.100788
1454,2,-1.000021,3735.949659,735.620359,15.063689
1454,3,-1.000022,3744.513158,903.734806,5.100781
1455,0,-1.000021,3731.108376,290.676929,15.063687
1455,1,-1.000015,3712.825321,489.550741,5.100788
1455,2,-1.000021,3735.949659,735.620359,15.063689
1455,3,-1.000022,3744.513158,903.734806,5.100781
1456,0,-1.000021,3731.108376,290.676929,15.063687
1456,1,-1.000015,3712.825321,489.550741,5.100788
1456,2,-1.000021,3735.949659,735.620359,15.063689
1456,3,-1.000022,3744.513158,903.734806,5.100781
1457,0,-1.000021,3731.108376,290.676929,15.063687
1457,1,-1.000015,3712.825321,489.550741,5.100788
1457,2,-1.000021,3735.949659,735.620359,15.063689
1457,3,-1.000022,3744.513158,903.734806,5.100781
1458,0,-1.000021,3731.108376,290.676929,15.063687
1458,1,-1.000015,3712.825321,489.550741,5.100788
1458,2,-1.000021,3735.949659,735.620359,15.063689
1458,3,-1.000022,3744.513158,903.734806,5.100781
1459,0,-1.000021,3731.108376,290.676929,15.063687
1459,1,-1.000015,3712.825321,489.550741,5.100788
1459,2,-1.000021,3735.949659,735.620359,15.063689
1459,3,-1.000022,3744.513158,903.734806,5.100781
1460,0,-1.000021,3731.108376,290.676929,15.063687
1460,1,-1.000015,3712.825321,489.550741,5.100788
1460,2,-1.000021,3735.949659,735.620359,15.063689
1460,3,-1.000022,3744.513158,903.734806,5.100781
1461,0,-1.000021,3731.108376,290.676929,15.063687
1461,1,-1.000015,3712.825321,489.550741,5.100788
1461,2,-1.000021,3735.949659,735.620359,15.063689
1461,3,-1.000022,3744.513158,903.734806,5.100781
1462,0,-1.000021,3731.108376,290.676929,15.063687
1462,1,-1.000015,3712.825321,489.550741,5.100788
1462,2,-1.000021,3735.949659,735.620359,15.063689
1462,3,-1.000022,3744.513158,903.734806,5.100781
1463,0,-1.000021,3731.108376,290.676929,15.063687
1463,1,-1.000015,3712.825321,489.550741,5.100788
1463,2,-1.000021,3735.949659,735.620359,15.063689
1463,3,-1.000022,3744.513158,903.734806,5.100781
1464,0,-1.000021,3731.108376,290.676929,15.063687
1464,1,-1.000015,3712.825321,489.550741,5.100788
1464,2,-1.000021,3735.949659,735.620359,15.063689
1464,3,-1.000022,3744.513158,903.734806,5.100781
1465,0,-1.000021,3731.108376,290.676929,15.063687
1465,1,-1.000015,3712.825321,489.550741,5.100788
1465,2,-1.000021,3735.949659,735.620359,15.063689
1465,3,-1.000022,3744.513158,903.734806,5.100781
1466,0,-1.000021,3731.108376,290.676929,15.063687
1466,1,-1.000015,3712.825321,489.550741,5.100788
1466,2,-1.000021,3735.949659,735.620359,15.063689
1466,3,-1.000022,3744.513158,903.734806,5.100781
1467,0,-1.000021,3731.108376,290.676929,15.063687
1467,1,-1.000015,3712.825321,489.550741,5.100788
1467,2,-1.000021,3735.949659,735.620359,15.063689
1467,3,-1.000022,3744.513158,903.734806,5.100781
1468,0,-1.000021,3731.108376,290.676929,15.063687
1468,1,-1.000015,3712.825321,489.550741,5.100788
1468,2,-1.000021,3735.949659,735.620359,15.063689
1468,3,-1.000022,3744.513158,903.734806,5.100781
1469,0,-1.000021,3731.108376,290.676929,15.063687
1469,1,-1.000015,3712.825321,489.550741,5.100788
1469,2,-1.000021,3735.949659,735.620359,15.063689
1469,3,-1.000022,3744.513158,903.734806,5.100781
1470,0,-1.000021,3731.108376,290.676929,15.063687
1470,1,-1.000015,3712.825321,489.550741,5.100788
1470,2,-1.000021,3735.949659,735.620359,15.063689
1470,3,-1.000022,3744.513158,903.734806,5.100781
